{
  "name": "e966ebbd-9467-4e76-9c9b-0a58bb8d1659",
  "id": "/providers/Microsoft.Flow/flows/e966ebbd-9467-4e76-9c9b-0a58bb8d1659",
  "type": "Microsoft.Flow/flows",
  "properties": {
    "apiId": "/providers/Microsoft.PowerApps/apis/shared_logicflows",
    "displayName": "Dynamically join group based on Compliance",
    "definition": {
      "metadata": {
        "workflowEntityId": null,
        "processAdvisorMetadata": null,
        "flowclientsuspensionreason": "None",
        "flowclientsuspensiontime": null,
        "creator": {
          "id": "a2b838de-151d-45a0-88c4-11932b54f611",
          "type": "User",
          "tenantId": "f7b5c879-0a00-4aec-b5a2-4dde5ba79aa4"
        },
        "provisioningMethod": "FromDefinition",
        "failureAlertSubscription": true,
        "clientLastModifiedTime": "2021-05-05T08:00:45.7582866Z"
      },
      "$schema": "https://schema.management.azure.com/providers/Microsoft.Logic/schemas/2016-06-01/workflowdefinition.json#",
      "contentVersion": "1.0.0.0",
      "parameters": {
        "$connections": { "defaultValue": {}, "type": "Object" },
        "$authentication": { "defaultValue": {}, "type": "SecureObject" }
      },
      "triggers": {
        "manual": {
          "type": "Request",
          "kind": "Button",
          "inputs": {
            "schema": { "type": "object", "properties": {}, "required": [] }
          }
        }
      },
      "actions": {
        "Get_devices_based_on_enrolledDateTime": {
          "runAfter": { "Get_past_time": ["Succeeded"] },
          "type": "Http",
          "inputs": {
            "method": "GET",
            "uri": "https://graph.microsoft.com/Beta/deviceManagement/managedDevices?$filter=enrolledDateTime ge @{body('Get_past_time')}",
            "authentication": {
              "type": "ActiveDirectoryOAuth",
              "authority": "@{actions('vars').trackedProperties['authentication_authority']}",
              "tenant": "@{actions('vars').trackedProperties['tenant_id']}",
              "audience": "@{actions('vars').trackedProperties['authentication_audience']}",
              "clientId": "@{actions('vars').trackedProperties['client_id']}",
              "secret": "@{actions('vars').trackedProperties['client_secret']}"
            }
          }
        },
        "Get_past_time": {
          "runAfter": { "Get_group_members": ["Succeeded"] },
          "type": "Expression",
          "kind": "GetPastTime",
          "inputs": { "interval": 1, "timeUnit": "Month" }
        },
        "Parse_JSON": {
          "runAfter": {
            "Get_devices_based_on_enrolledDateTime": ["Succeeded"]
          },
          "type": "ParseJson",
          "inputs": {
            "content": "@body('Get_devices_based_on_enrolledDateTime')",
            "schema": {
              "type": "object",
              "properties": {
                "@@odata.context": { "type": "string" },
                "@@odata.count": { "type": "integer" },
                "value": {
                  "type": "array",
                  "items": {
                    "type": "object",
                    "properties": {
                      "id": { "type": "string" },
                      "userId": { "type": "string" },
                      "deviceName": { "type": "string" },
                      "ownerType": { "type": "string" },
                      "managedDeviceOwnerType": { "type": "string" },
                      "managementState": { "type": "string" },
                      "enrolledDateTime": { "type": "string" },
                      "lastSyncDateTime": { "type": "string" },
                      "chassisType": { "type": "string" },
                      "operatingSystem": { "type": "string" },
                      "deviceType": { "type": "string" },
                      "complianceState": { "type": "string" },
                      "jailBroken": { "type": "string" },
                      "managementAgent": { "type": "string" },
                      "osVersion": { "type": "string" },
                      "easActivated": { "type": "boolean" },
                      "easDeviceId": { "type": "string" },
                      "easActivationDateTime": { "type": "string" },
                      "aadRegistered": { "type": "boolean" },
                      "azureADRegistered": { "type": "boolean" },
                      "deviceEnrollmentType": { "type": "string" },
                      "lostModeState": { "type": "string" },
                      "activationLockBypassCode": {},
                      "emailAddress": { "type": "string" },
                      "azureActiveDirectoryDeviceId": { "type": "string" },
                      "azureADDeviceId": { "type": "string" },
                      "deviceRegistrationState": { "type": "string" },
                      "deviceCategoryDisplayName": { "type": "string" },
                      "isSupervised": { "type": "boolean" },
                      "exchangeLastSuccessfulSyncDateTime": {
                        "type": "string"
                      },
                      "exchangeAccessState": { "type": "string" },
                      "exchangeAccessStateReason": { "type": "string" },
                      "remoteAssistanceSessionUrl": {},
                      "remoteAssistanceSessionErrorDetails": {},
                      "isEncrypted": { "type": "boolean" },
                      "userPrincipalName": { "type": "string" },
                      "model": { "type": "string" },
                      "manufacturer": { "type": "string" },
                      "imei": { "type": "string" },
                      "complianceGracePeriodExpirationDateTime": {
                        "type": "string"
                      },
                      "serialNumber": { "type": "string" },
                      "phoneNumber": { "type": "string" },
                      "androidSecurityPatchLevel": { "type": "string" },
                      "userDisplayName": { "type": "string" },
                      "configurationManagerClientEnabledFeatures": {},
                      "wiFiMacAddress": { "type": "string" },
                      "deviceHealthAttestationState": {},
                      "subscriberCarrier": { "type": "string" },
                      "meid": { "type": "string" },
                      "totalStorageSpaceInBytes": { "type": "integer" },
                      "freeStorageSpaceInBytes": { "type": "integer" },
                      "managedDeviceName": { "type": "string" },
                      "partnerReportedThreatState": { "type": "string" },
                      "retireAfterDateTime": { "type": "string" },
                      "preferMdmOverGroupPolicyAppliedDateTime": {
                        "type": "string"
                      },
                      "autopilotEnrolled": { "type": "boolean" },
                      "requireUserEnrollmentApproval": {},
                      "managementCertificateExpirationDate": {
                        "type": "string"
                      },
                      "iccid": {},
                      "udid": {},
                      "roleScopeTagIds": { "type": "array" },
                      "windowsActiveMalwareCount": { "type": "integer" },
                      "windowsRemediatedMalwareCount": { "type": "integer" },
                      "notes": {},
                      "configurationManagerClientHealthState": {},
                      "configurationManagerClientInformation": {},
                      "ethernetMacAddress": {},
                      "physicalMemoryInBytes": { "type": "integer" },
                      "processorArchitecture": { "type": "string" },
                      "specificationVersion": {},
                      "joinType": { "type": "string" },
                      "skuFamily": { "type": "string" },
                      "skuNumber": { "type": "integer" },
                      "managementFeatures": { "type": "string" },
                      "hardwareInformation": {
                        "type": "object",
                        "properties": {
                          "serialNumber": { "type": "string" },
                          "totalStorageSpace": { "type": "integer" },
                          "freeStorageSpace": { "type": "integer" },
                          "imei": { "type": "string" },
                          "meid": {},
                          "manufacturer": {},
                          "model": {},
                          "phoneNumber": {},
                          "subscriberCarrier": {},
                          "cellularTechnology": {},
                          "wifiMac": {},
                          "operatingSystemLanguage": {},
                          "isSupervised": { "type": "boolean" },
                          "isEncrypted": { "type": "boolean" },
                          "batterySerialNumber": {},
                          "batteryHealthPercentage": { "type": "integer" },
                          "batteryChargeCycles": { "type": "integer" },
                          "isSharedDevice": { "type": "boolean" },
                          "tpmSpecificationVersion": {},
                          "operatingSystemEdition": {},
                          "deviceFullQualifiedDomainName": {},
                          "deviceGuardVirtualizationBasedSecurityHardwareRequirementState": {
                            "type": "string"
                          },
                          "deviceGuardVirtualizationBasedSecurityState": {
                            "type": "string"
                          },
                          "deviceGuardLocalSystemAuthorityCredentialGuardState": {
                            "type": "string"
                          },
                          "osBuildNumber": {},
                          "operatingSystemProductType": { "type": "integer" },
                          "ipAddressV4": {},
                          "subnetAddress": {},
                          "esimIdentifier": {},
                          "sharedDeviceCachedUsers": { "type": "array" }
                        }
                      },
                      "deviceActionResults": { "type": "array" },
                      "usersLoggedOn": { "type": "array" },
                      "chromeOSDeviceInfo": { "type": "array" }
                    },
                    "required": [
                      "id",
                      "userId",
                      "deviceName",
                      "ownerType",
                      "managedDeviceOwnerType",
                      "managementState",
                      "enrolledDateTime",
                      "lastSyncDateTime",
                      "chassisType",
                      "operatingSystem",
                      "deviceType",
                      "complianceState",
                      "jailBroken",
                      "managementAgent",
                      "osVersion",
                      "easActivated",
                      "easDeviceId",
                      "easActivationDateTime",
                      "aadRegistered",
                      "azureADRegistered",
                      "deviceEnrollmentType",
                      "lostModeState",
                      "activationLockBypassCode",
                      "emailAddress",
                      "azureActiveDirectoryDeviceId",
                      "azureADDeviceId",
                      "deviceRegistrationState",
                      "deviceCategoryDisplayName",
                      "isSupervised",
                      "exchangeLastSuccessfulSyncDateTime",
                      "exchangeAccessState",
                      "exchangeAccessStateReason",
                      "remoteAssistanceSessionUrl",
                      "remoteAssistanceSessionErrorDetails",
                      "isEncrypted",
                      "userPrincipalName",
                      "model",
                      "manufacturer",
                      "imei",
                      "complianceGracePeriodExpirationDateTime",
                      "serialNumber",
                      "phoneNumber",
                      "androidSecurityPatchLevel",
                      "userDisplayName",
                      "configurationManagerClientEnabledFeatures",
                      "wiFiMacAddress",
                      "deviceHealthAttestationState",
                      "subscriberCarrier",
                      "meid",
                      "totalStorageSpaceInBytes",
                      "freeStorageSpaceInBytes",
                      "managedDeviceName",
                      "partnerReportedThreatState",
                      "retireAfterDateTime",
                      "preferMdmOverGroupPolicyAppliedDateTime",
                      "autopilotEnrolled",
                      "requireUserEnrollmentApproval",
                      "managementCertificateExpirationDate",
                      "iccid",
                      "udid",
                      "roleScopeTagIds",
                      "windowsActiveMalwareCount",
                      "windowsRemediatedMalwareCount",
                      "notes",
                      "configurationManagerClientHealthState",
                      "configurationManagerClientInformation",
                      "ethernetMacAddress",
                      "physicalMemoryInBytes",
                      "processorArchitecture",
                      "specificationVersion",
                      "joinType",
                      "skuFamily",
                      "skuNumber",
                      "managementFeatures",
                      "hardwareInformation",
                      "deviceActionResults",
                      "usersLoggedOn",
                      "chromeOSDeviceInfo"
                    ]
                  }
                }
              }
            }
          }
        },
        "Apply_to_each": {
          "foreach": "@body('Parse_JSON')?['value']",
          "actions": {
            "Switch": {
              "runAfter": {},
              "cases": {
                "Compliant": {
                  "case": "compliant",
                  "actions": {
                    "Grab_the_AAD_Object": {
                      "runAfter": {},
                      "type": "Http",
                      "inputs": {
                        "method": "GET",
                        "uri": "https://graph.microsoft.com/beta/devices?$filter=deviceId eq '@{items('Apply_to_each')?['azureADDeviceId']}'",
                        "authentication": {
                          "type": "ActiveDirectoryOAuth",
                          "authority": "@{actions('vars').trackedProperties['authentication_authority']}",
                          "tenant": "@{actions('vars').trackedProperties['tenant_id']}",
                          "audience": "@{actions('vars').trackedProperties['authentication_audience']}",
                          "clientId": "@{actions('vars').trackedProperties['client_id']}",
                          "secret": "@{actions('vars').trackedProperties['client_secret']}"
                        }
                      }
                    },
                    "AAD_Object_Results": {
                      "runAfter": { "Grab_the_AAD_Object": ["Succeeded"] },
                      "type": "ParseJson",
                      "inputs": {
                        "content": "@body('Grab_the_AAD_Object')",
                        "schema": {
                          "type": "object",
                          "properties": {
                            "@@odata.context": { "type": "string" },
                            "value": {
                              "type": "array",
                              "items": {
                                "type": "object",
                                "properties": {
                                  "id": { "type": "string" },
                                  "deletedDateTime": {},
                                  "accountEnabled": { "type": "boolean" },
                                  "approximateLastSignInDateTime": {
                                    "type": "string"
                                  },
                                  "complianceExpirationDateTime": {},
                                  "createdDateTime": { "type": "string" },
                                  "deviceCategory": {},
                                  "deviceId": { "type": "string" },
                                  "deviceMetadata": {},
                                  "deviceOwnership": { "type": "string" },
                                  "deviceVersion": { "type": "integer" },
                                  "displayName": { "type": "string" },
                                  "domainName": {},
                                  "enrollmentProfileName": {},
                                  "enrollmentType": { "type": "string" },
                                  "externalSourceName": {},
                                  "isCompliant": { "type": "boolean" },
                                  "isManaged": { "type": "boolean" },
                                  "isManagementRestricted": {},
                                  "isRooted": { "type": "boolean" },
                                  "managementType": { "type": "string" },
                                  "manufacturer": { "type": "string" },
                                  "mdmAppId": { "type": "string" },
                                  "model": { "type": "string" },
                                  "onPremisesLastSyncDateTime": {},
                                  "onPremisesSyncEnabled": {},
                                  "operatingSystem": { "type": "string" },
                                  "operatingSystemVersion": {
                                    "type": "string"
                                  },
                                  "hostnames": { "type": "array" },
                                  "physicalIds": {
                                    "type": "array",
                                    "items": { "type": "string" }
                                  },
                                  "profileType": { "type": "string" },
                                  "registrationDateTime": { "type": "string" },
                                  "sourceType": {},
                                  "systemLabels": { "type": "array" },
                                  "trustType": { "type": "string" },
                                  "alternativeSecurityIds": {
                                    "type": "array",
                                    "items": {
                                      "type": "object",
                                      "properties": {
                                        "type": { "type": "integer" },
                                        "identityProvider": {},
                                        "key": { "type": "string" }
                                      },
                                      "required": [
                                        "type",
                                        "identityProvider",
                                        "key"
                                      ]
                                    }
                                  },
                                  "extensionAttributes": {
                                    "type": "object",
                                    "properties": {
                                      "extensionAttribute1": {},
                                      "extensionAttribute2": {},
                                      "extensionAttribute3": {},
                                      "extensionAttribute4": {},
                                      "extensionAttribute5": {},
                                      "extensionAttribute6": {},
                                      "extensionAttribute7": {},
                                      "extensionAttribute8": {},
                                      "extensionAttribute9": {},
                                      "extensionAttribute10": {},
                                      "extensionAttribute11": {},
                                      "extensionAttribute12": {},
                                      "extensionAttribute13": {},
                                      "extensionAttribute14": {},
                                      "extensionAttribute15": {}
                                    }
                                  }
                                },
                                "required": [
                                  "id",
                                  "deletedDateTime",
                                  "accountEnabled",
                                  "approximateLastSignInDateTime",
                                  "complianceExpirationDateTime",
                                  "createdDateTime",
                                  "deviceCategory",
                                  "deviceId",
                                  "deviceMetadata",
                                  "deviceOwnership",
                                  "deviceVersion",
                                  "displayName",
                                  "domainName",
                                  "enrollmentProfileName",
                                  "enrollmentType",
                                  "externalSourceName",
                                  "isCompliant",
                                  "isManaged",
                                  "isManagementRestricted",
                                  "isRooted",
                                  "managementType",
                                  "manufacturer",
                                  "mdmAppId",
                                  "model",
                                  "onPremisesLastSyncDateTime",
                                  "onPremisesSyncEnabled",
                                  "operatingSystem",
                                  "operatingSystemVersion",
                                  "hostnames",
                                  "physicalIds",
                                  "profileType",
                                  "registrationDateTime",
                                  "sourceType",
                                  "systemLabels",
                                  "trustType",
                                  "alternativeSecurityIds",
                                  "extensionAttributes"
                                ]
                              }
                            }
                          }
                        }
                      }
                    },
                    "Apply_to_each_2": {
                      "foreach": "@body('AAD_Object_Results')?['value']",
                      "actions": {
                        "Filter_array": {
                          "runAfter": {},
                          "type": "Query",
                          "inputs": {
                            "from": "@outputs('Get_group_members')?['body/value']",
                            "where": "@equals(items('Apply_to_each_2')?['deviceId'], items('Apply_to_each_2')?['deviceId'])"
                          }
                        },
                        "Condition": {
                          "actions": {
                            "Post_a_message_as_the_Flow_bot_to_a_channel": {
                              "runAfter": {
                                "Add_Device_to_group": ["Succeeded"]
                              },
                              "type": "OpenApiConnection",
                              "inputs": {
                                "host": {
                                  "apiId": "/providers/Microsoft.PowerApps/apis/shared_teams",
                                  "connectionName": "shared_teams",
                                  "operationId": "PostChannelNotification"
                                },
                                "parameters": {
                                  "groupId": "6c5dab2e-9ea1-4c28-9e1e-2dc7bcdde443",
                                  "PostNotificationRequest/recipient/channelId": "19:0f889626ba994e1aa00af7a963515e1c@thread.skype",
                                  "PostNotificationRequest/messageBody": "Hey! - Device (@{items('Apply_to_each_2')?['displayName']}) has been added to group (@{outputs('Get_group')?['body/displayName']}).\n\nThey should start getting associated policies and applications shortly.",
                                  "PostNotificationRequest/messageTitle": "Device Group Automation"
                                },
                                "authentication": {
                                  "value": "@json(decodeBase64(triggerOutputs().headers['X-MS-APIM-Tokens']))['$ConnectionKey']",
                                  "type": "Raw"
                                }
                              }
                            },
                            "Add_Device_to_group": {
                              "runAfter": {},
                              "type": "OpenApiConnection",
                              "inputs": {
                                "host": {
                                  "apiId": "/providers/Microsoft.PowerApps/apis/shared_azuread",
                                  "connectionName": "shared_azuread",
                                  "operationId": "AddUserToGroup"
                                },
                                "parameters": {
                                  "id": "@outputs('Get_group')?['body/id']",
                                  "body/@odata.id": "@items('Apply_to_each_2')?['id']"
                                },
                                "authentication": {
                                  "value": "@json(decodeBase64(triggerOutputs().headers['X-MS-APIM-Tokens']))['$ConnectionKey']",
                                  "type": "Raw"
                                }
                              }
                            }
                          },
                          "runAfter": { "Filter_array": ["Succeeded"] },
                          "expression": {
                            "equals": [0, "@length(body('filter_array'))"]
                          },
                          "type": "If"
                        }
                      },
                      "runAfter": { "AAD_Object_Results": ["Succeeded"] },
                      "type": "Foreach"
                    }
                  }
                },
                "Non-Compliant": { "case": "noncompliant", "actions": {} }
              },
              "default": { "actions": {} },
              "expression": "@items('Apply_to_each')?['complianceState']",
              "type": "Switch"
            }
          },
          "runAfter": { "Parse_JSON": ["Succeeded"] },
          "type": "Foreach"
        },
        "Get_group": {
          "runAfter": { "vars": ["Succeeded"] },
          "type": "OpenApiConnection",
          "inputs": {
            "host": {
              "apiId": "/providers/Microsoft.PowerApps/apis/shared_azuread",
              "connectionName": "shared_azuread",
              "operationId": "GetGroup"
            },
            "parameters": {
              "id": "@trim(actions('vars').trackedProperties['sec_group_id'])"
            },
            "authentication": {
              "value": "@json(decodeBase64(triggerOutputs().headers['X-MS-APIM-Tokens']))['$ConnectionKey']",
              "type": "Raw"
            }
          }
        },
        "Get_group_members": {
          "runAfter": { "Get_group": ["Succeeded"] },
          "type": "OpenApiConnection",
          "inputs": {
            "host": {
              "apiId": "/providers/Microsoft.PowerApps/apis/shared_azuread",
              "connectionName": "shared_azuread",
              "operationId": "GetGroupMembers"
            },
            "parameters": { "id": "@outputs('Get_group')?['body/id']" },
            "authentication": {
              "value": "@json(decodeBase64(triggerOutputs().headers['X-MS-APIM-Tokens']))['$ConnectionKey']",
              "type": "Raw"
            }
          }
        },
        "vars": {
          "runAfter": {},
          "trackedProperties": {
            "authentication_authority": "https://login.microsoftonline.com",
            "tenant_id": "",
            "authentication_audience": "https://graph.microsoft.com",
            "client_id": "",
            "client_secret": "",
            "sec_group_id": ""
          },
          "type": "Compose",
          "inputs": " "
        }
      }
    },
    "connectionReferences": {
      "shared_azuread": {
        "connectionName": "shared-azuread-f6cbec59-6d84-4136-9389-061736f4cf0f",
        "source": "Invoker",
        "id": "/providers/Microsoft.PowerApps/apis/shared_azuread",
        "tier": "NotSpecified"
      },
      "shared_teams": {
        "connectionName": "shared-teams-7dc44e06-d3e2-4446-b7bf-38bc-7e192245",
        "source": "Invoker",
        "id": "/providers/Microsoft.PowerApps/apis/shared_teams",
        "tier": "NotSpecified"
      }
    },
    "flowFailureAlertSubscribed": false
  }
}